{"state":{"0":"AK","1":"AL","2":"AR","3":"AZ","4":"CA","5":"CO","6":"CT","7":"DC","8":"DE","9":"FL","10":"GA","11":"HI","12":"ID","13":"IL","14":"IN","15":"KS","16":"KY","17":"LA","18":"MA","19":"MD","20":"ME","21":"MI","22":"MN","23":"MO","24":"MS","25":"NC","26":"ND","27":"NE","28":"NH","29":"NJ","30":"NM","31":"NV","32":"NY","33":"OH","34":"OR","35":"PA","36":"RI","37":"SC","38":"SD","39":"TN","40":"TX","41":"UT","42":"VA","43":"VT","44":"WA","45":"WI","46":"WV","47":"WY"},"enrollment":{"0":129872,"1":732393,"2":486305,"3":1118311,"4":5959007,"5":882835,"6":497411,"7":89417,"8":138092,"9":2790218,"10":1729964,"11":176441,"12":303485,"13":1886137,"14":1033651,"15":476419,"16":658813,"17":691499,"18":911465,"19":882554,"20":167677,"21":1402835,"22":872535,"23":878097,"24":444731,"25":1514920,"26":117983,"27":324776,"28":167963,"29":1342174,"30":324002,"31":486732,"32":2579124,"33":1643905,"34":547263,"35":1684801,"36":137385,"37":766819,"38":144600,"39":984066,"40":5372806,"41":680758,"42":1251627,"43":78729,"44":1089074,"45":830875,"46":253930,"47":93022},"inperson":{"0":0.6304508722,"1":0.6613475177,"2":0.8083921537,"3":0.0577767634,"4":0.1371120085,"5":0.690692395,"6":0.5248958922,"7":0.0,"8":0.1126005362,"9":0.9889897252,"10":0.6444651365,"11":0.052998355,"12":0.767135794,"13":0.443807303,"14":0.7890031915,"15":0.9055816753,"16":0.037339763,"17":0.5283363221,"18":0.3030841362,"19":0.0465277778,"20":0.5985474382,"21":0.4764274851,"22":0.281422414,"23":0.7992016363,"24":0.5397481296,"25":0.1141857506,"26":0.897561428,"27":0.9594049914,"28":0.607477645,"29":0.1878857859,"30":0.2471208452,"31":0.4298905003,"32":0.3121467767,"33":0.631855439,"34":0.269057805,"35":0.1802224539,"36":0.5093336048,"37":0.4375,"38":0.967611336,"39":0.1709923664,"40":0.9251723168,"41":0.3481846554,"42":0.1747516181,"43":0.4493735885,"44":0.1566716642,"45":0.72042183,"46":0.3305608508,"47":0.9131039516},"hybrid":{"0":0.0937672726,"1":0.2810283688,"2":0.1853758236,"3":0.5597613131,"4":0.2227896497,"5":0.2167990919,"6":0.3643103512,"7":0.3333333333,"8":0.6782841823,"9":0.0,"10":0.1380976848,"11":0.240446269,"12":0.20596695,"13":0.3921992274,"14":0.0416819159,"15":0.0661440637,"16":0.5717335308,"17":0.2628716209,"18":0.5189714274,"19":0.3428240744,"20":0.3748041941,"21":0.3466058344,"22":0.5190026948,"23":0.1271147551,"24":0.2541557335,"25":0.6055979644,"26":0.0726804948,"27":0.0388117263,"28":0.3154987415,"29":0.5772997876,"30":0.1527797938,"31":0.4207203637,"32":0.614428994,"33":0.2655814549,"34":0.3583964127,"35":0.5660410149,"36":0.4051423011,"37":0.4930555556,"38":0.0060728745,"39":0.7984732824,"40":0.0,"41":0.5988174741,"42":0.556121777,"43":0.5240354179,"44":0.4718890555,"45":0.1876430293,"46":0.4734785071,"47":0.0592449777},"virtual":{"0":0.2757818553,"1":0.0576241135,"2":0.006232023,"3":0.3824619235,"4":0.6400983419,"5":0.0925085131,"6":0.1107937547,"7":0.6666666667,"8":0.2091152815,"9":0.0110102749,"10":0.2174371783,"11":0.7065553744,"12":0.0268972555,"13":0.1639934698,"14":0.1693148922,"15":0.0282742606,"16":0.3909267049,"17":0.2087920574,"18":0.1779444371,"19":0.6106481483,"20":0.0266483676,"21":0.1769666805,"22":0.1995748894,"23":0.0736836084,"24":0.2060961363,"25":0.280216285,"26":0.0297580772,"27":0.0017832822,"28":0.0770236137,"29":0.2348144251,"30":0.6000993622,"31":0.1493891393,"32":0.0734242292,"33":0.1025631058,"34":0.3725457822,"35":0.2537365311,"36":0.0855240945,"37":0.0694444444,"38":0.0263157895,"39":0.0305343511,"40":0.0748276832,"41":0.0529978704,"42":0.2691266045,"43":0.0265909933,"44":0.3714392804,"45":0.0919351411,"46":0.1959606403,"47":0.0276510707}}